{"loss": [1.3220105171203613, 0.4292588531970978, 0.2527269423007965, 0.17475798726081848, 0.12987056374549866, 0.10107911378145218, 0.08350188285112381, 0.07212446630001068, 0.06084843724966049, 0.05268919840455055], "accuracy": [0.6090333461761475, 0.8646703362464905, 0.9184010028839111, 0.9429262280464172, 0.9567109942436218, 0.9669108986854553, 0.97247314453125, 0.9770253896713257, 0.980553388595581, 0.982431173324585], "val_loss": [0.5675262212753296, 0.31878554821014404, 0.23329393565654755, 0.18457813560962677, 0.2009023278951645, 0.1323709487915039, 0.16394540667533875, 0.1286623626947403, 0.12391078472137451, 0.11056546866893768], "val_accuracy": [0.8198838829994202, 0.8977919220924377, 0.9244821071624756, 0.9413270950317383, 0.9359776973724365, 0.9568631649017334, 0.9496358036994934, 0.9629524350166321, 0.9640905857086182, 0.9702936410903931]}